{
    "accuracy": 0.9252782193958664,
    "f1_score": 0.9102383127127792,
    "recall": 0.9849056603773585,
    "precision": 0.8460944736029639,
    "roc_auc": 0.9865857900028726,
    "pr_auc": 0.9751461402575828,
    "classification_report": {
        "0": {
            "precision": 0.989485542621104,
            "recall": 0.8880026960233656,
            "f1-score": 0.9360014208750222,
            "support": 8902.0
        },
        "1": {
            "precision": 0.8460944736029639,
            "recall": 0.9849056603773585,
            "f1-score": 0.9102383127127792,
            "support": 5565.0
        },
        "accuracy": 0.9252782193958664,
        "macro avg": {
            "precision": 0.9177900081120339,
            "recall": 0.936454178200362,
            "f1-score": 0.9231198667939007,
            "support": 14467.0
        },
        "weighted avg": {
            "precision": 0.9343275071551504,
            "recall": 0.9252782193958664,
            "f1-score": 0.9260911632595606,
            "support": 14467.0
        }
    }
}