{
    "accuracy": 0.7691798941798942,
    "f1_score": 0.39723661485319517,
    "recall": 0.672514619883041,
    "precision": 0.2818627450980392,
    "roc_auc": 0.8170432295005473,
    "pr_auc": 0.33673433993143415,
    "classification_report": {
        "0": {
            "precision": 0.9492753623188406,
            "recall": 0.7815063385533184,
            "f1-score": 0.8572597137014315,
            "support": 1341.0
        },
        "1": {
            "precision": 0.2818627450980392,
            "recall": 0.672514619883041,
            "f1-score": 0.39723661485319517,
            "support": 171.0
        },
        "accuracy": 0.7691798941798942,
        "macro avg": {
            "precision": 0.61556905370844,
            "recall": 0.7270104792181797,
            "f1-score": 0.6272481642773133,
            "support": 1512.0
        },
        "weighted avg": {
            "precision": 0.873794173466488,
            "recall": 0.7691798941798942,
            "f1-score": 0.8052332918078811,
            "support": 1512.0
        }
    }
}